Year,Observation status,Nature of data points,Observation-level footnotes,Unit multiplier,Source details,Frequency of observation,Reporting type,SERIES,Reference area,UNIT_MEASURE,Value
2015,Normal value,Not Available,"Proportion of total government spending on essential services, education",Units,Ministry of Finance and Economic Planning (MINECOFIN),Annual,National,"Proportion of total government spending on essential services, education [1.a.2]",Rwanda,USD,306461030.270833
2017,Normal value,Not Available,"Proportion of total government spending on essential services, education",Units,Ministry of Finance and Economic Planning (MINECOFIN),Annual,National,"Proportion of total government spending on essential services, education [1.a.2]",Rwanda,USD,289046729.199519
2015,Normal value,Not Available,Proportion of total government spending on health,Units,Ministry of Finance and Economic Planning (MINECOFIN),Annual,National,Proportion of total government spending on health [1.a.2],Rwanda,USD,283367184.086111
2017,Normal value,Not Available,Proportion of total government spending on health,Units,Ministry of Finance and Economic Planning (MINECOFIN),Annual,National,Proportion of total government spending on health [1.a.2],Rwanda,USD,237201290.832933
2015,Normal value,Not Available,Proportion of total government spending on social protection,Units,Ministry of Finance and Economic Planning (MINECOFIN),Annual,National,Proportion of total government spending on social protection [1.a.2],Rwanda,USD,103794273.852778
2017,Normal value,Not Available,Proportion of total government spending on social protection,Units,Ministry of Finance and Economic Planning (MINECOFIN),Annual,National,Proportion of total government spending on social protection [1.a.2],Rwanda,USD,109465948.668269
