Year,Observation status,Nature of data points,Observation-level footnotes,Unit multiplier,Source details,Frequency of observation,Reporting type,SERIES,Reference area,Sex,UNIT_MEASURE,Value
2015,Normal value,Not Available,"Percent of women and  men, age 15-49 have experienced physical violence within the 12 months preceding the survey",Units,"DHS, NISR",Annual,National,"Percent of women and  men, age 15-49 have experienced physical violence within the 12 months preceding the survey",Rwanda,Male,Percent,11
2015,Normal value,Not Available,"Percent of women and  men, age 15-49 have experienced physical violence within the 12 months preceding the survey",Units,"DHS, NISR",Annual,National,"Percent of women and  men, age 15-49 have experienced physical violence within the 12 months preceding the survey",Rwanda,Female,Percent,14
2015,Normal value,Not Available,Percent of women and  men age 15-49 report having experienced sexual violence at least once in the past 12 months,Units,"DHS, NISR",Annual,National,Percent of women and  men age 15-49 report having experienced sexual violence at least once in the past 12 months,Rwanda,Male,Percent,1
2015,Normal value,Not Available,Percent of women and  men age 15-49 report having experienced sexual violence at least once in the past 12 months,Units,"DHS, NISR",Annual,National,Percent of women and  men age 15-49 report having experienced sexual violence at least once in the past 12 months,Rwanda,Female,Percent,8
