Year,Observation status,Nature of data points,Observation-level footnotes,Unit multiplier,Source details,Frequency of observation,Reporting type,SERIES,Reference area,UNIT_MEASURE,Value
2016,Normal value,Not Available,Percentage of citizen satisfaction in their participation in decision making,Units,"RGB, CRC",Annual,National,Percentage of citizen satisfaction in their participation in decision making,Rwanda,Percent,49.7
2017,Normal value,Not Available,Percentage of citizen satisfaction in their participation in decision making,Units,"RGB, CRC",Annual,National,Percentage of citizen satisfaction in their participation in decision making,Rwanda,Percent,45.5
2018,Normal value,Not Available,Percentage of citizen satisfaction in their participation in decision making,Units,"RGB, CRC",Annual,National,Percentage of citizen satisfaction in their participation in decision making,Rwanda,Percent,69.53
2019,Normal value,Not Available,Percentage of citizen satisfaction in their participation in decision making,Units,"RGB, CRC",Annual,National,Percentage of citizen satisfaction in their participation in decision making,Rwanda,Percent,63.89
