Year,Observation-level footnotes,Series,Sex,Value
2005,Proportion of children moderately or severely wasted,SH_STA_WAST,Male,5
2010,Proportion of children moderately or severely wasted,SH_STA_WAST,Male,3
2015,Proportion of children moderately or severely wasted,SH_STA_WAST,Male,2
2020,Proportion of children moderately or severely wasted,SH_STA_WAST,Male,1
2010,Proportion of children moderately or severely overweight,SN_STA_OVWGT,Female,7
2015,Proportion of children moderately or severely overweight,SN_STA_OVWGT,Female,8
2020,Proportion of children moderately or severely overweight,SN_STA_OVWGT,Female,6
