Year,Observation status,Nature of data points,Observation-level footnotes,Unit multiplier,Source details,Frequency of observation,Reporting type,SERIES,Reference area,Age,UNIT_MEASURE,Value
2005,Normal value,Not Available,Neonatal mortality rate,Units,"DHS, NISR",Annual,National,Neonatal mortality rate [3.2.2],Rwanda,under 1 month old,"Per 1,000 live births",37
2008,Normal value,Not Available,Neonatal mortality rate,Units,"DHS, NISR",Annual,National,Neonatal mortality rate [3.2.2],Rwanda,under 1 month old,"Per 1,000 live births",28
2010,Normal value,Not Available,Neonatal mortality rate,Units,"DHS, NISR",Annual,National,Neonatal mortality rate [3.2.2],Rwanda,under 1 month old,"Per 1,000 live births",27
2015,Normal value,Not Available,Neonatal mortality rate,Units,"DHS, NISR",Annual,National,Neonatal mortality rate [3.2.2],Rwanda,under 1 month old,"Per 1,000 live births",20
2020,Normal value,Not Available,Neonatal mortality rate,Units,"DHS, NISR",Annual,National,Neonatal mortality rate [3.2.2],Rwanda,under 1 month old,"Per 1,000 live births",19
