Year,Observation-level footnotes,Series,Age,Value
2015,Children 12-23 months fully immunized,_L_RW_030B01_1,12 to 23 Months old,93
2018,Proportion of the target population with access to 3 doses of diphtheria-tetanus-pertussis (DTP3),SH_ACS_DTP3,,97
2019,Proportion of the target population with access to 3 doses of diphtheria-tetanus-pertussis (DTP3),SH_ACS_DTP3,,98
2018,Proportion of the target population with access to measles-containing-vaccine second-dose (MCV2),SH_ACS_MCV2,,92
2019,Proportion of the target population with access to measles-containing-vaccine second-dose (MCV2),SH_ACS_MCV2,,92
2018,Proportion of the target population with access to pneumococcal conjugate 3rd dose (PCV3),SH_ACS_PCV3,,97
2019,Proportion of the target population with access to pneumococcal conjugate 3rd dose (PCV3),SH_ACS_PCV3,,98
