Year,Observation status,Nature of data points,Observation-level footnotes,Unit multiplier,Source details,Frequency of observation,Reporting type,SERIES,Reference area,Sex,UNIT_MEASURE,Value
2017,Normal value,Not Available,"Proportion of population achieving at least a fixed level of proficiency in functional skills - All levels, Literacy rate (%) among youth population",Units,MINEDUC,Annual,National,"Proportion of population achieving at least a fixed level of proficiency in functional skills - All levels, Literacy rate (%) among youth population",Rwanda,,Percent,84.6
2017,Normal value,Not Available,"Proportion of population achieving at least a fixed level of proficiency in functional skills - All levels, Literacy rate (%) among youth population",Units,MINEDUC,Annual,National,"Proportion of population achieving at least a fixed level of proficiency in functional skills - All levels, Literacy rate (%) among youth population",Rwanda,Male,Percent,84.2
2017,Normal value,Not Available,"Proportion of population achieving at least a fixed level of proficiency in functional skills - All levels, Literacy rate (%) among youth population",Units,MINEDUC,Annual,National,"Proportion of population achieving at least a fixed level of proficiency in functional skills - All levels, Literacy rate (%) among youth population",Rwanda,Female,Percent,85.0
2017,Normal value,Not Available,"Proportion of population achieving at least a fixed level of proficiency in functional skills  - All levels, Numeracy rate (%) among youth population",Units,MINEDUC,Annual,National,"Proportion of population achieving at least a fixed level of proficiency in functional skills  - All levels, Numeracy rate (%) among youth population",Rwanda,,Percent,84.8
2017,Normal value,Not Available,"Proportion of population achieving at least a fixed level of proficiency in functional skills  - All levels, Numeracy rate (%) among youth population",Units,MINEDUC,Annual,National,"Proportion of population achieving at least a fixed level of proficiency in functional skills  - All levels, Numeracy rate (%) among youth population",Rwanda,Male,Percent,84.7
2017,Normal value,Not Available,"Proportion of population achieving at least a fixed level of proficiency in functional skills  - All levels, Numeracy rate (%) among youth population",Units,MINEDUC,Annual,National,"Proportion of population achieving at least a fixed level of proficiency in functional skills  - All levels, Numeracy rate (%) among youth population",Rwanda,Female,Percent,84.9
