Year,Observation status,Nature of data points,Observation-level footnotes,Unit multiplier,Source details,Frequency of observation,Reporting type,SERIES,Reference area,Sex,UNIT_MEASURE,Value
2017,Normal value,Not Available,Proportion of time spent on unpaid care work -  (in hours per week),Units,"LFS, NISR",Annual,National,Proportion of time spent on unpaid care work [5.4.1],Rwanda,,Percent,21.4
2018,Normal value,Not Available,Proportion of time spent on unpaid care work -  (in hours per week),Units,"LFS, NISR",Annual,National,Proportion of time spent on unpaid care work [5.4.1],Rwanda,,Percent,20.6
2019,Normal value,Not Available,Proportion of time spent on unpaid care work -  (in hours per week),Units,"LFS, NISR",Annual,National,Proportion of time spent on unpaid care work [5.4.1],Rwanda,,Percent,17.9
2017,Normal value,Not Available,Proportion of time spent on unpaid care work -  (in hours per week),Units,"LFS, NISR",Annual,National,Proportion of time spent on unpaid care work [5.4.1],Rwanda,Male,Percent,14.6
2018,Normal value,Not Available,Proportion of time spent on unpaid care work -  (in hours per week),Units,"LFS, NISR",Annual,National,Proportion of time spent on unpaid care work [5.4.1],Rwanda,Male,Percent,13.5
2019,Normal value,Not Available,Proportion of time spent on unpaid care work -  (in hours per week),Units,"LFS, NISR",Annual,National,Proportion of time spent on unpaid care work [5.4.1],Rwanda,Male,Percent,12.1
2017,Normal value,Not Available,Proportion of time spent on unpaid care work -  (in hours per week),Units,"LFS, NISR",Annual,National,Proportion of time spent on unpaid care work [5.4.1],Rwanda,Female,Percent,26.0
2018,Normal value,Not Available,Proportion of time spent on unpaid care work -  (in hours per week),Units,"LFS, NISR",Annual,National,Proportion of time spent on unpaid care work [5.4.1],Rwanda,Female,Percent,25.3
2019,Normal value,Not Available,Proportion of time spent on unpaid care work -  (in hours per week),Units,"LFS, NISR",Annual,National,Proportion of time spent on unpaid care work [5.4.1],Rwanda,Female,Percent,22.3
