Year,Observation status,Nature of data points,Observation-level footnotes,Unit multiplier,Source details,Frequency of observation,Reporting type,SERIES,Reference area,Sex,UNIT_MEASURE,Value
2019,Normal value,Not Available,"Proportion of total agricultural population with ownership or secure rights over agricultural land, by sex; and (b) share of women among owners or rights-bearers of agricultural land, by type of tenure",Units,RLMUA,Annual,National,Proportion of total agricultural population with ownership or secure rights over agricultural land [5.a.1],Rwanda,,Percent,38
2019,Normal value,Not Available,Only Women own agriculture,Units,RLMUA,Annual,National,Proportion of total agricultural population with ownership or secure rights over agricultural land [5.a.1],Rwanda,Female,Percent,25
2019,Normal value,Not Available,Only Men own agriculture,Units,RLMUA,Annual,National,Proportion of total agricultural population with ownership or secure rights over agricultural land [5.a.1],Rwanda,Male,Percent,13
2019,Normal value,Not Available,Both male and female for married couples own agriculture,Units,RLMUA,Annual,National,Both male and female for married couples own agriculture,Rwanda,,Percent,62
