Year,OBS_STATUS,NATURE,COMMENT_OBS,UNIT_MULT,SOURCE_DETAIL,FREQ,REPORTING_TYPE,SERIES,REF_AREA,UNIT_MEASURE,Value
2015,A,_X,Bribery incidence (% of firms experiencing at least one bribe payment request),0,RGB,A,N,IC_FRM_BRIB,RW,PT,0
2016,A,_X,Bribery incidence (% of firms experiencing at least one bribe payment request),0,RGB,A,N,IC_FRM_BRIB,RW,PT,0
2017,A,_X,Bribery incidence (% of firms experiencing at least one bribe payment request),0,RGB,A,N,IC_FRM_BRIB,RW,PT,0
2018,A,_X,Bribery incidence (% of firms experiencing at least one bribe payment request),0,RGB,A,N,IC_FRM_BRIB,RW,PT,0
2019,A,_X,Bribery incidence (% of firms experiencing at least one bribe payment request),0,RGB,A,N,IC_FRM_BRIB,RW,PT,0
