Year,COMMENT_OBS,Series,SEX,Value
2017,"Proportion of population achieving at least a fixed level of proficiency in functional skills - All levels, Literacy rate (%) among youth population",_L_RW_040601_1,,84.6
2017,"Proportion of population achieving at least a fixed level of proficiency in functional skills - All levels, Literacy rate (%) among youth population",_L_RW_040601_1,M,84.2
2017,"Proportion of population achieving at least a fixed level of proficiency in functional skills - All levels, Literacy rate (%) among youth population",_L_RW_040601_1,F,85.0
2017,"Proportion of population achieving at least a fixed level of proficiency in functional skills  - All levels, Numeracy rate (%) among youth population",_L_RW_040601_2,,84.8
2017,"Proportion of population achieving at least a fixed level of proficiency in functional skills  - All levels, Numeracy rate (%) among youth population",_L_RW_040601_2,M,84.7
2017,"Proportion of population achieving at least a fixed level of proficiency in functional skills  - All levels, Numeracy rate (%) among youth population",_L_RW_040601_2,F,84.9
