Year,COMMENT_OBS,Series,SEX,Value
2015,Percentage of men subjected to physical violence by a current or former intimate partner in the previous 12 months,_L_RW_050201_1,M,6.5
2015,Percentage of ever-partnered women and girls subjected to physical violence by a current or former intimate partner in the previous 12 months,VC_VAW_PHYV,F,17.6
2015,Percentage of men subjected to sexual violence by a current or former intimate partner in the previous 12 months,_L_RW_050201_2,M,1.2
2015,Percentage of ever-partnered women and girls subjected to sexual violence by a current or former intimate partner in the previous 12 months,VC_VAW_SEXV,F,8.3
2015,Percentage of men to emotional violence by a current or former intimate partner in the previous 12 months,_L_RW_050201_3,M,14.0
2015,Percentage of ever-partnered women and girls subjected to psychological violence by a current or former intimate partner in the previous 12 months,VC_VAW_PSYV,F,18.5
