Year,OBS_STATUS,NATURE,COMMENT_OBS,UNIT_MULT,SOURCE_DETAIL,FREQ,REPORTING_TYPE,SERIES,REF_AREA,AGE,UNIT_MEASURE,Value
2017,A,_X,"Proportion of youth (aged 16-24 years) not in education, employment or training",0,"LFS, NISR",A,N,SL_TLF_NEET,RW,Y16T24,PT,31.8
2018,A,_X,"Proportion of youth (aged 16-24 years) not in education, employment or training",0,"LFS, NISR",A,N,SL_TLF_NEET,RW,Y16T24,PT,30.7
2019,A,_X,"Proportion of youth (aged 16-24 years) not in education, employment or training",0,"LFS, NISR",A,N,SL_TLF_NEET,RW,Y16T24,PT,32.5
2017,A,_X,"Proportion of youth (aged 16-30 years) not in education, employment or training",0,"LFS, NISR",A,N,SL_TLF_NEET,RW,Y16T30,PT,34.6
2018,A,_X,"Proportion of youth (aged 16-30 years) not in education, employment or training",0,"LFS, NISR",A,N,SL_TLF_NEET,RW,Y16T30,PT,32.7
2019,A,_X,"Proportion of youth (aged 16-30 years) not in education, employment or training",0,"LFS, NISR",A,N,SL_TLF_NEET,RW,Y16T30,PT,34.3
